{"table":[{"field":[{"fieldType":"int","name":"grade","propertyArr":["not-null","readable"]},{"fieldType":"int","name":"grade","propertyArr":["not-null","readable"]},{"fieldType":"int","name":"grade","propertyArr":["not-null","readable"]},{"fieldType":"int","name":"grade","propertyArr":["not-null","readable"]},{"fieldType":"int","name":"grade","propertyArr":["not-null","readable"]},{"fieldType":"int","name":"grade","propertyArr":["not-null","readable"]},{"fieldType":"int","name":"grade","propertyArr":["not-null","readable"]}],"name":"student"},{"field":[{"fieldType":"string","name":"tag","propertyArr":["not-null"]},{"fieldType":"string","name":"tag","propertyArr":["not-null"]},{"fieldType":"string","name":"tag","propertyArr":["not-null"]},{"fieldType":"string","name":"tag","propertyArr":["not-null"]},{"fieldType":"string","name":"tag","propertyArr":["not-null"]},{"fieldType":"string","name":"tag","propertyArr":["not-null"]},{"fieldType":"string","name":"tag","propertyArr":["not-null"]}],"name":"users"}]}